arm,ref_lookback,min_ext,max_ext,volume_mult,horizon,look_id,total_entries,trades_per_up_week,n,mean,se,eligible
L,48,0.005,0.03,1.5,24h,L|48-0.005-0.03-1.5|24h,3463,88.8491142333537,3463,0.0032142385622694436,0.002041570586051608,True
L,48,0.005,0.03,1.5,48h,L|48-0.005-0.03-1.5|48h,2667,68.42638973732437,2667,0.008684009685492,0.005323723586249015,True
L,48,0.005,0.03,1.5,96h,L|48-0.005-0.03-1.5|96h,1993,51.133781307269395,1986,0.007174216138185573,0.01016488209818578,True
L,48,0.005,0.03,2.0,24h,L|48-0.005-0.03-2.0|24h,3170,81.3317043372022,3170,0.00389671901091913,0.0021635151342920987,True
L,48,0.005,0.03,2.0,48h,L|48-0.005-0.03-2.0|48h,2491,63.910812461820406,2491,0.010028007192615686,0.0058097909349055605,True
L,48,0.005,0.03,2.0,96h,L|48-0.005-0.03-2.0|96h,1898,48.696395846059865,1891,0.009212991559851681,0.009991500196314796,True
L,48,0.005,0.03,3.0,24h,L|48-0.005-0.03-3.0|24h,2629,67.45143555284056,2629,0.004103798641391692,0.002513441061283873,True
L,48,0.005,0.03,3.0,48h,L|48-0.005-0.03-3.0|48h,2135,54.77703115455101,2135,0.01017880334114871,0.006094218257689199,True
L,48,0.005,0.03,3.0,96h,L|48-0.005-0.03-3.0|96h,1704,43.718998167379354,1698,0.00860937783228732,0.010358874142908262,True
L,48,0.005,0.04,1.5,24h,L|48-0.005-0.04-1.5|24h,3492,89.59315821624924,3492,0.003309876323723705,0.001942880545354742,True
L,48,0.005,0.04,1.5,48h,L|48-0.005-0.04-1.5|48h,2683,68.83689676237019,2683,0.008597264276766811,0.005268794503687899,True
L,48,0.005,0.04,1.5,96h,L|48-0.005-0.04-1.5|96h,2004,51.4160048869884,1997,0.007213907916053139,0.010093525530619433,True
L,48,0.005,0.04,2.0,24h,L|48-0.005-0.04-2.0|24h,3204,82.20403176542456,3204,0.003962493564127663,0.0020331886110645007,True
L,48,0.005,0.04,2.0,48h,L|48-0.005-0.04-2.0|48h,2512,64.44960293219305,2512,0.009898525210257554,0.005660847314895159,True
L,48,0.005,0.04,2.0,96h,L|48-0.005-0.04-2.0|96h,1910,49.00427611484423,1903,0.008849275077425589,0.009823856966929972,True
L,48,0.005,0.04,3.0,24h,L|48-0.005-0.04-3.0|24h,2675,68.63164324984729,2675,0.004701813372165003,0.0024261775270419785,True
L,48,0.005,0.04,3.0,48h,L|48-0.005-0.04-3.0|48h,2165,55.546731826511916,2165,0.010581021820231561,0.006078286881153979,True
L,48,0.005,0.04,3.0,96h,L|48-0.005-0.04-3.0|96h,1719,44.103848503359806,1713,0.00876535357008504,0.010217626189421266,True
L,48,0.005,0.06,1.5,24h,L|48-0.005-0.06-1.5|24h,3508,90.00366524129505,3508,0.003480206107799447,0.0018945658368010408,True
L,48,0.005,0.06,1.5,48h,L|48-0.005-0.06-1.5|48h,2694,69.11912034208919,2694,0.008388704871218467,0.005205561883258608,True
L,48,0.005,0.06,1.5,96h,L|48-0.005-0.06-1.5|96h,2008,51.51863164324985,2000,0.0074876022581639255,0.010004633946943836,True
L,48,0.005,0.06,2.0,24h,L|48-0.005-0.06-2.0|24h,3221,82.64019547953573,3221,0.00415216078028791,0.001965591333472111,True
L,48,0.005,0.06,2.0,48h,L|48-0.005-0.06-2.0|48h,2523,64.73182651191203,2523,0.009696253732521315,0.005581565578144989,True
L,48,0.005,0.06,2.0,96h,L|48-0.005-0.06-2.0|96h,1914,49.10690287110568,1906,0.009293719644532673,0.009729819513570472,True
L,48,0.005,0.06,3.0,24h,L|48-0.005-0.06-3.0|24h,2691,69.0421502748931,2691,0.0050654038360466,0.0023394816112746763,True
L,48,0.005,0.06,3.0,48h,L|48-0.005-0.06-3.0|48h,2180,55.93158216249237,2180,0.010318817067530467,0.00589464631000012,True
L,48,0.005,0.06,3.0,96h,L|48-0.005-0.06-3.0|96h,1727,44.309102015882715,1720,0.0091607653604267,0.01011297065404568,True
L,48,0.01,0.03,1.5,24h,L|48-0.01-0.03-1.5|24h,1922,49.31215638362859,1922,0.004874818485956919,0.00246235848624565,True
L,48,0.01,0.03,1.5,48h,L|48-0.01-0.03-1.5|48h,1602,41.10201588271228,1602,0.012670394769952303,0.006282468760036751,True
L,48,0.01,0.03,1.5,96h,L|48-0.01-0.03-1.5|96h,1293,33.174098961514964,1290,0.012726836559296063,0.011535186817409743,True
L,48,0.01,0.03,2.0,24h,L|48-0.01-0.03-2.0|24h,1781,45.69456322541234,1781,0.005066872113781698,0.0027776481004633522,True
L,48,0.01,0.03,2.0,48h,L|48-0.01-0.03-2.0|48h,1502,38.536346976175935,1502,0.013685280662762892,0.00673484933995897,True
L,48,0.01,0.03,2.0,96h,L|48-0.01-0.03-2.0|96h,1237,31.737324373854612,1234,0.01424886406435594,0.011646327667184058,True
L,48,0.01,0.03,3.0,24h,L|48-0.01-0.03-3.0|24h,1483,38.048869883934024,1483,0.006981440635047743,0.0032315813345776094,True
L,48,0.01,0.03,3.0,48h,L|48-0.01-0.03-3.0|48h,1289,33.071472205253514,1289,0.01627252154170221,0.007300820287036828,True
L,48,0.01,0.03,3.0,96h,L|48-0.01-0.03-3.0|96h,1086,27.86316432498473,1083,0.017336337284330434,0.012210431182255465,True
L,48,0.01,0.04,1.5,24h,L|48-0.01-0.04-1.5|24h,1977,50.723274282223585,1977,0.004946386248372357,0.0024408627586531262,True
L,48,0.01,0.04,1.5,48h,L|48-0.01-0.04-1.5|48h,1641,42.10262675626146,1641,0.012405276692227362,0.0065035926321108245,True
L,48,0.01,0.04,1.5,96h,L|48-0.01-0.04-1.5|96h,1318,33.815516188149054,1315,0.012235279686967436,0.011405478252738677,True
L,48,0.01,0.04,2.0,24h,L|48-0.01-0.04-2.0|24h,1839,47.182651191203426,1839,0.005494345660394976,0.002673804759941819,True
L,48,0.01,0.04,2.0,48h,L|48-0.01-0.04-2.0|48h,1540,39.51130116065975,1540,0.01412991018844475,0.006975656039274926,True
L,48,0.01,0.04,2.0,96h,L|48-0.01-0.04-2.0|96h,1264,32.430054978619424,1261,0.01380280173057536,0.011485680894963409,True
L,48,0.01,0.04,3.0,24h,L|48-0.01-0.04-3.0|24h,1548,39.71655467318265,1548,0.008110290033511332,0.0031620711827549186,True
L,48,0.01,0.04,3.0,48h,L|48-0.01-0.04-3.0|48h,1338,34.32864996945632,1338,0.016848995871077164,0.007553401753038964,True
L,48,0.01,0.04,3.0,96h,L|48-0.01-0.04-3.0|96h,1120,28.735491753207086,1117,0.01712533835296833,0.012191258703102718,True
L,48,0.01,0.06,1.5,24h,L|48-0.01-0.06-1.5|24h,2004,51.4160048869884,2004,0.004986376526166392,0.002286934089164198,True
L,48,0.01,0.06,1.5,48h,L|48-0.01-0.06-1.5|48h,1663,42.667073915699454,1663,0.011305035581711377,0.006702259489489579,True
L,48,0.01,0.06,1.5,96h,L|48-0.01-0.06-1.5|96h,1330,34.12339645693341,1326,0.012382969051147856,0.011039631215798392,True
L,48,0.01,0.06,2.0,24h,L|48-0.01-0.06-2.0|24h,1867,47.9010384850336,1867,0.005453488417541749,0.0025207846831334204,True
L,48,0.01,0.06,2.0,48h,L|48-0.01-0.06-2.0|48h,1564,40.12706169822847,1564,0.012773998444007431,0.007246727693678753,True
L,48,0.01,0.06,2.0,96h,L|48-0.01-0.06-2.0|96h,1276,32.73793524740379,1272,0.01398548938898949,0.011139256758912534,True
L,48,0.01,0.06,3.0,24h,L|48-0.01-0.06-3.0|24h,1578,40.486255345143555,1578,0.00814997782799543,0.003025437585244034,True
L,48,0.01,0.06,3.0,48h,L|48-0.01-0.06-3.0|48h,1366,35.0470372632865,1366,0.015321837686796467,0.007687355022554166,True
L,48,0.01,0.06,3.0,96h,L|48-0.01-0.06-3.0|96h,1138,29.19731215638363,1134,0.016945864398010387,0.011903653866610991,True
L,48,0.02,0.03,1.5,24h,L|48-0.02-0.03-1.5|24h,468,12.007330482590104,468,0.011613927060081235,0.004979336654653617,True
L,48,0.02,0.03,1.5,48h,L|48-0.02-0.03-1.5|48h,432,11.08368967623702,432,0.020188394572903022,0.010171212911381386,True
L,48,0.02,0.03,1.5,96h,L|48-0.02-0.03-1.5|96h,392,10.057422113622481,392,0.02182678448694908,0.014892656768538933,True
L,48,0.02,0.03,2.0,24h,L|48-0.02-0.03-2.0|24h,452,11.59682345754429,452,0.009061446323817219,0.004874014698855718,True
L,48,0.02,0.03,2.0,48h,L|48-0.02-0.03-2.0|48h,419,10.750152718387294,419,0.01761061211880013,0.0099847546097987,True
L,48,0.02,0.03,2.0,96h,L|48-0.02-0.03-2.0|96h,383,9.82651191203421,383,0.019128446943200386,0.013680173369957417,True
L,48,0.02,0.03,3.0,24h,L|48-0.02-0.03-3.0|24h,390,10.006108735491754,390,0.004684749898970633,0.0047507119497771895,True
L,48,0.02,0.03,3.0,48h,L|48-0.02-0.03-3.0|48h,364,9.339034819792303,364,0.014780269665974231,0.010158774884189776,True
L,48,0.02,0.03,3.0,96h,L|48-0.02-0.03-3.0|96h,339,8.697617593158217,339,0.015844352805408215,0.012800051490336754,True
L,48,0.02,0.04,1.5,24h,L|48-0.02-0.04-1.5|24h,597,15.317043372021992,597,0.012182649836691612,0.0047434922052958005,True
L,48,0.02,0.04,1.5,48h,L|48-0.02-0.04-1.5|48h,543,13.931582162492365,543,0.01861784976348469,0.009673743627518586,True
L,48,0.02,0.04,1.5,96h,L|48-0.02-0.04-1.5|96h,482,12.366524129505192,482,0.021562419595882707,0.014394611615237935,True
L,48,0.02,0.04,2.0,24h,L|48-0.02-0.04-2.0|24h,579,14.85522296884545,579,0.010375025259602412,0.004616523242110421,True
L,48,0.02,0.04,2.0,48h,L|48-0.02-0.04-2.0|48h,530,13.59804520464264,530,0.016558011485049637,0.009587982436337534,True
L,48,0.02,0.04,2.0,96h,L|48-0.02-0.04-2.0|96h,471,12.084300549786194,471,0.019575462722692963,0.013541123841069879,True
L,48,0.02,0.04,3.0,24h,L|48-0.02-0.04-3.0|24h,509,13.059254734270006,509,0.009731474204979402,0.0046898625339105255,True
L,48,0.02,0.04,3.0,48h,L|48-0.02-0.04-3.0|48h,473,12.135613927916921,473,0.01708188075957182,0.009827548371572256,True
L,48,0.02,0.04,3.0,96h,L|48-0.02-0.04-3.0|96h,428,10.981062919975566,428,0.020041443871264886,0.012816945249020759,True
L,48,0.02,0.06,1.5,24h,L|48-0.02-0.06-1.5|24h,660,16.93341478313989,660,0.010041877991548012,0.004188108946361887,True
L,48,0.02,0.06,1.5,48h,L|48-0.02-0.06-1.5|48h,599,15.368356750152719,599,0.012156292921125649,0.01115068708820235,True
L,48,0.02,0.06,1.5,96h,L|48-0.02-0.06-1.5|96h,524,13.444105070250458,523,0.019246493516676684,0.013514580219695253,True
L,48,0.02,0.06,2.0,24h,L|48-0.02-0.06-2.0|24h,643,16.49725106902871,643,0.008284822887933562,0.003994166304791471,True
L,48,0.02,0.06,2.0,48h,L|48-0.02-0.06-2.0|48h,587,15.060476481368358,587,0.010567437608686985,0.011016863855406487,True
L,48,0.02,0.06,2.0,96h,L|48-0.02-0.06-2.0|96h,515,13.213194868662187,514,0.016948160488861292,0.012905750973914222,True
L,48,0.02,0.06,3.0,24h,L|48-0.02-0.06-3.0|24h,574,14.726939523518633,574,0.007833241315312114,0.004208575430165573,True
L,48,0.02,0.06,3.0,48h,L|48-0.02-0.06-3.0|48h,534,13.700671960904094,534,0.009770799882732547,0.011145158048224392,True
L,48,0.02,0.06,3.0,96h,L|48-0.02-0.06-3.0|96h,478,12.26389737324374,477,0.015518961704671095,0.01247351414481382,True
L,96,0.005,0.03,1.5,24h,L|96-0.005-0.03-1.5|24h,2948,75.63591936469152,2948,0.0041432283935872475,0.0021546502140565417,True
L,96,0.005,0.03,1.5,48h,L|96-0.005-0.03-1.5|48h,2372,60.85766646304215,2372,0.009773274510284887,0.00546943617102389,True
L,96,0.005,0.03,1.5,96h,L|96-0.005-0.03-1.5|96h,1837,47.1313378130727,1832,0.008794141231127747,0.009771376215942183,True
L,96,0.005,0.03,2.0,24h,L|96-0.005-0.03-2.0|24h,2738,70.24801466096518,2738,0.004502853807738397,0.0022930155538592304,True
L,96,0.005,0.03,2.0,48h,L|96-0.005-0.03-2.0|48h,2232,57.26572999389127,2232,0.010494829650685248,0.0057597582909978,True
L,96,0.005,0.03,2.0,96h,L|96-0.005-0.03-2.0|96h,1755,45.02748930971289,1750,0.009634150042210844,0.009807636808389074,True
L,96,0.005,0.03,3.0,24h,L|96-0.005-0.03-3.0|24h,2284,58.599877825290164,2284,0.005249371353436763,0.002618498001945357,True
L,96,0.005,0.03,3.0,48h,L|96-0.005-0.03-3.0|48h,1920,49.26084300549786,1920,0.011480452489148262,0.006197959328411376,True
L,96,0.005,0.03,3.0,96h,L|96-0.005-0.03-3.0|96h,1559,39.99877825290165,1554,0.010447783943100345,0.01028574693934388,True
L,96,0.005,0.04,1.5,24h,L|96-0.005-0.04-1.5|24h,2977,76.37996334758705,2977,0.004359601228595085,0.0020667973232289744,True
L,96,0.005,0.04,1.5,48h,L|96-0.005-0.04-1.5|48h,2388,61.26817348808797,2388,0.010220629874733817,0.005537467888074855,True
L,96,0.005,0.04,1.5,96h,L|96-0.005-0.04-1.5|96h,1846,47.36224801466097,1841,0.008970315092749656,0.00980411804257643,True
L,96,0.005,0.04,2.0,24h,L|96-0.005-0.04-2.0|24h,2773,71.1459987782529,2773,0.004734850089023533,0.0021604069155043027,True
L,96,0.005,0.04,2.0,48h,L|96-0.005-0.04-2.0|48h,2251,57.75320708613317,2251,0.010859327781699516,0.005772265086158634,True
L,96,0.005,0.04,2.0,96h,L|96-0.005-0.04-2.0|96h,1766,45.30971288943189,1761,0.009831805157558049,0.009772504033093477,True
L,96,0.005,0.04,3.0,24h,L|96-0.005-0.04-3.0|24h,2320,59.52351863164325,2320,0.005954085351882288,0.002448671294194721,True
L,96,0.005,0.04,3.0,48h,L|96-0.005-0.04-3.0|48h,1944,49.87660354306659,1944,0.011869679369658355,0.006057252699715633,True
L,96,0.005,0.04,3.0,96h,L|96-0.005-0.04-3.0|96h,1578,40.486255345143555,1573,0.010564239802704784,0.010118259396327644,True
L,96,0.005,0.06,1.5,24h,L|96-0.005-0.06-1.5|24h,2995,76.8417837507636,2995,0.004395144714125688,0.0019787824190305075,True
L,96,0.005,0.06,1.5,48h,L|96-0.005-0.06-1.5|48h,2401,61.60171044593769,2401,0.00982115756962755,0.005346257171108538,True
L,96,0.005,0.06,1.5,96h,L|96-0.005-0.06-1.5|96h,1851,47.490531459987785,1845,0.009141914948193306,0.009719326702530397,True
L,96,0.005,0.06,2.0,24h,L|96-0.005-0.06-2.0|24h,2792,71.6334758704948,2792,0.0047840479081755665,0.002061376177792976,True
L,96,0.005,0.06,2.0,48h,L|96-0.005-0.06-2.0|48h,2264,58.0867440439829,2264,0.010476158635767696,0.005574181937746779,True
L,96,0.005,0.06,2.0,96h,L|96-0.005-0.06-2.0|96h,1771,45.43799633475871,1765,0.010172629088451828,0.009681906502549499,True
L,96,0.005,0.06,3.0,24h,L|96-0.005-0.06-3.0|24h,2343,60.11362248014661,2343,0.00590991010703619,0.0022305810976553523,True
L,96,0.005,0.06,3.0,48h,L|96-0.005-0.06-3.0|48h,1963,50.3640806353085,1963,0.011361637671590027,0.005743987647703548,True
L,96,0.005,0.06,3.0,96h,L|96-0.005-0.06-3.0|96h,1590,40.79413561392792,1584,0.010850993221275373,0.009988963523444345,True
L,96,0.01,0.03,1.5,24h,L|96-0.01-0.03-1.5|24h,1643,42.15394013439218,1643,0.005667205030569054,0.0029059806831476177,True
L,96,0.01,0.03,1.5,48h,L|96-0.01-0.03-1.5|48h,1409,36.150274893097134,1409,0.01430421206600519,0.007242107591023752,True
L,96,0.01,0.03,1.5,96h,L|96-0.01-0.03-1.5|96h,1175,30.146609651802077,1173,0.013797713180520983,0.011492380215805252,True
L,96,0.01,0.03,2.0,24h,L|96-0.01-0.03-2.0|24h,1538,39.45998778252902,1538,0.005659498888970995,0.0029765604992611377,True
L,96,0.01,0.03,2.0,48h,L|96-0.01-0.03-2.0|48h,1332,34.17470983506414,1332,0.014613686104085633,0.007586790258672512,True
L,96,0.01,0.03,2.0,96h,L|96-0.01-0.03-2.0|96h,1121,28.76114844227245,1119,0.01428090743769784,0.011784417239008783,True
L,96,0.01,0.03,3.0,24h,L|96-0.01-0.03-3.0|24h,1290,33.09712889431888,1290,0.007733840221582784,0.003354265098757805,True
L,96,0.01,0.03,3.0,48h,L|96-0.01-0.03-3.0|48h,1146,29.402565668906536,1146,0.01701754439882435,0.007954288655921193,True
L,96,0.01,0.03,3.0,96h,L|96-0.01-0.03-3.0|96h,986,25.29749541844838,984,0.016409861204156495,0.012433050457135712,True
L,96,0.01,0.04,1.5,24h,L|96-0.01-0.04-1.5|24h,1689,43.3341478313989,1689,0.006001621640824803,0.002775942097491731,True
L,96,0.01,0.04,1.5,48h,L|96-0.01-0.04-1.5|48h,1443,37.02260232131949,1443,0.014462328459464784,0.007341642528444164,True
L,96,0.01,0.04,1.5,96h,L|96-0.01-0.04-1.5|96h,1199,30.762370189370802,1197,0.01343972714301479,0.011457391189574484,True
L,96,0.01,0.04,2.0,24h,L|96-0.01-0.04-2.0|24h,1586,40.69150885766646,1586,0.006495699912888141,0.002810845199472071,True
L,96,0.01,0.04,2.0,48h,L|96-0.01-0.04-2.0|48h,1365,35.02138057422114,1365,0.015384341550936051,0.00772283489231349,True
L,96,0.01,0.04,2.0,96h,L|96-0.01-0.04-2.0|96h,1145,29.376908979841176,1143,0.015101745257853343,0.011804105642062072,True
L,96,0.01,0.04,3.0,24h,L|96-0.01-0.04-3.0|24h,1338,34.32864996945632,1338,0.009188458374224714,0.0031470315458970045,True
L,96,0.01,0.04,3.0,48h,L|96-0.01-0.04-3.0|48h,1184,30.37751985339035,1184,0.017593628444356926,0.00806201269063868,True
L,96,0.01,0.04,3.0,96h,L|96-0.01-0.04-3.0|96h,1017,26.09285277947465,1015,0.01652773254293723,0.012179082617157886,True
L,96,0.01,0.06,1.5,24h,L|96-0.01-0.06-1.5|24h,1721,44.155161881490535,1721,0.005751120972779755,0.0025735876592349093,True
L,96,0.01,0.06,1.5,48h,L|96-0.01-0.06-1.5|48h,1469,37.689676237018936,1469,0.013050236816779717,0.007267613864759196,True
L,96,0.01,0.06,1.5,96h,L|96-0.01-0.06-1.5|96h,1215,31.172877214416616,1212,0.013152408852184761,0.011177496193846718,True
L,96,0.01,0.06,2.0,24h,L|96-0.01-0.06-2.0|24h,1619,41.53817959682346,1619,0.0061239424147381885,0.0026316375268201275,True
L,96,0.01,0.06,2.0,48h,L|96-0.01-0.06-2.0|48h,1392,35.71411117898595,1392,0.013751744588876803,0.007737149722904423,True
L,96,0.01,0.06,2.0,96h,L|96-0.01-0.06-2.0|96h,1162,29.813072693952353,1159,0.014677764355821495,0.011559364846745935,True
L,96,0.01,0.06,3.0,24h,L|96-0.01-0.06-3.0|24h,1375,35.27794746487477,1375,0.00848796512776049,0.002766366667210904,True
L,96,0.01,0.06,3.0,48h,L|96-0.01-0.06-3.0|48h,1215,31.172877214416616,1215,0.015800117942811723,0.00799333274089527,True
L,96,0.01,0.06,3.0,96h,L|96-0.01-0.06-3.0|96h,1038,26.631643249847283,1035,0.0160618304514852,0.0119282445507501,True
L,96,0.02,0.03,1.5,24h,L|96-0.02-0.03-1.5|24h,394,10.108735491753208,394,0.013020864271354975,0.0061911927312370985,True
L,96,0.02,0.03,1.5,48h,L|96-0.02-0.03-1.5|48h,372,9.544288332315212,372,0.021855820614964955,0.012645505990305393,True
L,96,0.02,0.03,1.5,96h,L|96-0.02-0.03-1.5|96h,350,8.979841172877215,350,0.022496212858756772,0.015278710731143182,True
L,96,0.02,0.03,2.0,24h,L|96-0.02-0.03-2.0|24h,384,9.852168601099573,384,0.01094245106601341,0.006222670005833599,True
L,96,0.02,0.03,2.0,48h,L|96-0.02-0.03-2.0|48h,362,9.287721441661576,362,0.019997898985534692,0.01258868295820813,True
L,96,0.02,0.03,2.0,96h,L|96-0.02-0.03-2.0|96h,340,8.72327428222358,340,0.021438790028032905,0.014800086299713468,True
L,96,0.02,0.03,3.0,24h,L|96-0.02-0.03-3.0|24h,334,8.5693341478314,334,0.009808272994022404,0.00634150613879549,True
L,96,0.02,0.03,3.0,48h,L|96-0.02-0.03-3.0|48h,317,8.13317043372022,317,0.018237898732984568,0.013044521742846631,True
L,96,0.02,0.03,3.0,96h,L|96-0.02-0.03-3.0|96h,302,7.748320097739768,302,0.015420802500924287,0.015271457693413168,True
L,96,0.02,0.04,1.5,24h,L|96-0.02-0.04-1.5|24h,502,12.879657910812462,502,0.01573110835732004,0.005941387632577056,True
L,96,0.02,0.04,1.5,48h,L|96-0.02-0.04-1.5|48h,463,11.879047037263287,463,0.022216844621904257,0.012465984640049547,True
L,96,0.02,0.04,1.5,96h,L|96-0.02-0.04-1.5|96h,426,10.929749541844838,426,0.02409028544506989,0.015097504571786423,True
L,96,0.02,0.04,2.0,24h,L|96-0.02-0.04-2.0|24h,491,12.597434331093464,491,0.014704762560246519,0.0060536596124546324,True
L,96,0.02,0.04,2.0,48h,L|96-0.02-0.04-2.0|48h,454,11.648136835675016,454,0.021217756380001316,0.012586010917617555,True
L,96,0.02,0.04,2.0,96h,L|96-0.02-0.04-2.0|96h,418,10.72449602932193,418,0.02373227633567112,0.015026492526468078,True
L,96,0.02,0.04,3.0,24h,L|96-0.02-0.04-3.0|24h,433,11.109346365302383,433,0.015952492646046864,0.0063655181739980795,True
L,96,0.02,0.04,3.0,48h,L|96-0.02-0.04-3.0|48h,406,10.416615760537569,406,0.02237039017657322,0.012726859155143782,True
L,96,0.02,0.04,3.0,96h,L|96-0.02-0.04-3.0|96h,381,9.775198533903483,381,0.022582203318223283,0.014990844254483502,True
L,96,0.02,0.06,1.5,24h,L|96-0.02-0.06-1.5|24h,563,14.444715943799634,563,0.011931182040872108,0.005523515278600266,True
L,96,0.02,0.06,1.5,48h,L|96-0.02-0.06-1.5|48h,519,13.315821624923641,519,0.013751641273905425,0.013147797993113117,True
L,96,0.02,0.06,1.5,96h,L|96-0.02-0.06-1.5|96h,472,12.109957238851559,471,0.018492691595930668,0.014338844913274666,True
L,96,0.02,0.06,2.0,24h,L|96-0.02-0.06-2.0|24h,553,14.188149053145999,553,0.010970466079875967,0.005633495883434416,True
L,96,0.02,0.06,2.0,48h,L|96-0.02-0.06-2.0|48h,512,13.136224801466097,512,0.01305929218601238,0.013204679395353821,True
L,96,0.02,0.06,2.0,96h,L|96-0.02-0.06-2.0|96h,466,11.956017104459377,465,0.01771112504491881,0.014252744185184003,True
L,96,0.02,0.06,3.0,24h,L|96-0.02-0.06-3.0|24h,496,12.725717776420282,496,0.011845008314585964,0.005825746154395809,True
L,96,0.02,0.06,3.0,48h,L|96-0.02-0.06-3.0|48h,466,11.956017104459377,466,0.01317638386846305,0.013243007167611669,True
L,96,0.02,0.06,3.0,96h,L|96-0.02-0.06-3.0|96h,434,11.135003054367747,433,0.015300512472560366,0.013985231387341477,True
L,192,0.005,0.03,1.5,24h,L|192-0.005-0.03-1.5|24h,2345,60.16493585827734,2345,0.004763897725038608,0.002676507947237798,True
L,192,0.005,0.03,1.5,48h,L|192-0.005-0.03-1.5|48h,1927,49.440439828955405,1927,0.012240356667904127,0.00648867896650505,True
L,192,0.005,0.03,1.5,96h,L|192-0.005-0.03-1.5|96h,1591,40.819792302993285,1589,0.009485664214952068,0.010269524618927035,True
L,192,0.005,0.03,2.0,24h,L|192-0.005-0.03-2.0|24h,2185,56.059865607819184,2185,0.005128086552760169,0.0028538074656685665,True
L,192,0.005,0.03,2.0,48h,L|192-0.005-0.03-2.0|48h,1817,46.61820403176543,1817,0.012715212210981645,0.006713930065743268,True
L,192,0.005,0.03,2.0,96h,L|192-0.005-0.03-2.0|96h,1518,38.94685400122175,1516,0.010256759703872376,0.010221103303871536,True
L,192,0.005,0.03,3.0,24h,L|192-0.005-0.03-3.0|24h,1830,46.95174098961515,1830,0.0063125967512727855,0.0033934300202131634,True
L,192,0.005,0.03,3.0,48h,L|192-0.005-0.03-3.0|48h,1579,40.51191203420892,1579,0.012563471658031318,0.007141022172141918,True
L,192,0.005,0.03,3.0,96h,L|192-0.005-0.03-3.0|96h,1338,34.32864996945632,1336,0.010898734535687219,0.011188035731750144,True
L,192,0.005,0.04,1.5,24h,L|192-0.005-0.04-1.5|24h,2371,60.832009773976786,2371,0.00483463064110868,0.002732009270374264,True
L,192,0.005,0.04,1.5,48h,L|192-0.005-0.04-1.5|48h,1940,49.773976786805136,1940,0.01248685316436589,0.00643720584497989,True
L,192,0.005,0.04,1.5,96h,L|192-0.005-0.04-1.5|96h,1603,41.127672571777644,1601,0.009561555141604644,0.010231453425897092,True
L,192,0.005,0.04,2.0,24h,L|192-0.005-0.04-2.0|24h,2213,56.77825290164936,2213,0.0053120432384842365,0.0028981227008162466,True
L,192,0.005,0.04,2.0,48h,L|192-0.005-0.04-2.0|48h,1831,46.97739767868052,1831,0.012956195712861735,0.006676302535771867,True
L,192,0.005,0.04,2.0,96h,L|192-0.005-0.04-2.0|96h,1531,39.280390959071475,1529,0.010482152198828814,0.01020340093398637,True
L,192,0.005,0.04,3.0,24h,L|192-0.005-0.04-3.0|24h,1860,47.72144166157606,1860,0.006615721511532622,0.0033262199698120705,True
L,192,0.005,0.04,3.0,48h,L|192-0.005-0.04-3.0|48h,1600,41.05070250458155,1600,0.012562961772638383,0.007051530451157003,True
L,192,0.005,0.04,3.0,96h,L|192-0.005-0.04-3.0|96h,1356,34.79047037263287,1354,0.01141492819492878,0.011008789020737793,True
L,192,0.005,0.06,1.5,24h,L|192-0.005-0.06-1.5|24h,2388,61.26817348808797,2388,0.004773280092851532,0.0026483477424778853,True
L,192,0.005,0.06,1.5,48h,L|192-0.005-0.06-1.5|48h,1953,50.10751374465486,1953,0.012016291059429272,0.006308825779816535,True
L,192,0.005,0.06,1.5,96h,L|192-0.005-0.06-1.5|96h,1609,41.281612706169824,1606,0.00993815954072258,0.010153370528612371,True
L,192,0.005,0.06,2.0,24h,L|192-0.005-0.06-2.0|24h,2231,57.240073304825906,2231,0.0053455408257451365,0.0028050406818086356,True
L,192,0.005,0.06,2.0,48h,L|192-0.005-0.06-2.0|48h,1845,47.336591325595606,1845,0.012452762396890315,0.0064954319095369365,True
L,192,0.005,0.06,2.0,96h,L|192-0.005-0.06-2.0|96h,1537,39.434331093463655,1534,0.010905691533538053,0.010125922410055999,True
L,192,0.005,0.06,3.0,24h,L|192-0.005-0.06-3.0|24h,1883,48.31154551007941,1883,0.006775269847163636,0.003157912733148751,True
L,192,0.005,0.06,3.0,48h,L|192-0.005-0.06-3.0|48h,1622,41.61514966401955,1622,0.012041169111670573,0.006870599345655815,True
L,192,0.005,0.06,3.0,96h,L|192-0.005-0.06-3.0|96h,1369,35.12400733048259,1366,0.01163437349030641,0.010977228625383723,True
L,192,0.01,0.03,1.5,24h,L|192-0.01-0.03-1.5|24h,1332,34.17470983506414,1332,0.007669608545463087,0.003209261523438031,True
L,192,0.01,0.03,1.5,48h,L|192-0.01-0.03-1.5|48h,1165,29.890042761148443,1165,0.016474233344277785,0.007267496652925102,True
L,192,0.01,0.03,1.5,96h,L|192-0.01-0.03-1.5|96h,1021,26.195479535736105,1019,0.015445446683548981,0.012160823850282613,True
L,192,0.01,0.03,2.0,24h,L|192-0.01-0.03-2.0|24h,1250,32.070861331704336,1250,0.007698813630911265,0.0033335350423018676,True
L,192,0.01,0.03,2.0,48h,L|192-0.01-0.03-2.0|48h,1107,28.401954795357362,1107,0.01651507034330796,0.007661090990111115,True
L,192,0.01,0.03,2.0,96h,L|192-0.01-0.03-2.0|96h,970,24.886988393402568,968,0.015171387351647652,0.012371478082649235,True
L,192,0.01,0.03,3.0,24h,L|192-0.01-0.03-3.0|24h,1054,27.0421502748931,1054,0.009835494302351191,0.00376951004556722,True
L,192,0.01,0.03,3.0,48h,L|192-0.01-0.03-3.0|48h,957,24.55345143555284,957,0.01869194259720449,0.008061785156212241,True
L,192,0.01,0.03,3.0,96h,L|192-0.01-0.03-3.0|96h,851,21.833842394624313,849,0.016887422473886807,0.012843996014954114,True
L,192,0.01,0.04,1.5,24h,L|192-0.01-0.04-1.5|24h,1369,35.12400733048259,1369,0.007994722910009978,0.0032972839229266754,True
L,192,0.01,0.04,1.5,48h,L|192-0.01-0.04-1.5|48h,1190,30.53145998778253,1190,0.016335427800504034,0.007221918668927668,True
L,192,0.01,0.04,1.5,96h,L|192-0.01-0.04-1.5|96h,1042,26.734270006108737,1040,0.014880562772673711,0.01201062943672512,True
L,192,0.01,0.04,2.0,24h,L|192-0.01-0.04-2.0|24h,1289,33.071472205253514,1289,0.008212630922441112,0.003383227106509745,True
L,192,0.01,0.04,2.0,48h,L|192-0.01-0.04-2.0|48h,1131,29.017715332926084,1131,0.016659049766494464,0.007630150255757697,True
L,192,0.01,0.04,2.0,96h,L|192-0.01-0.04-2.0|96h,990,25.400122174709836,988,0.015362953724793649,0.012252691392398565,True
L,192,0.01,0.04,3.0,24h,L|192-0.01-0.04-3.0|24h,1096,28.119731215638364,1096,0.010409539432024207,0.003683530136119667,True
L,192,0.01,0.04,3.0,48h,L|192-0.01-0.04-3.0|48h,989,25.37446548564447,989,0.018194341744953726,0.00798253268631882,True
L,192,0.01,0.04,3.0,96h,L|192-0.01-0.04-3.0|96h,879,22.552229688454492,877,0.01663326936772628,0.012558268345115134,True
L,192,0.01,0.06,1.5,24h,L|192-0.01-0.06-1.5|24h,1394,35.76542455711668,1394,0.007654011019326631,0.0031449001299917517,True
L,192,0.01,0.06,1.5,48h,L|192-0.01-0.06-1.5|48h,1212,31.095907147220526,1212,0.01487438098917171,0.0073268301029333705,True
L,192,0.01,0.06,1.5,96h,L|192-0.01-0.06-1.5|96h,1055,27.06780696395846,1052,0.014985855216943124,0.011926954989712036,True
L,192,0.01,0.06,2.0,24h,L|192-0.01-0.06-2.0|24h,1315,33.73854612095296,1315,0.007935549268506998,0.0032610844297889146,True
L,192,0.01,0.06,2.0,48h,L|192-0.01-0.06-2.0|48h,1155,29.63347587049481,1155,0.014957589724788703,0.007768954578482616,True
L,192,0.01,0.06,2.0,96h,L|192-0.01-0.06-2.0|96h,1004,25.759315821624924,1001,0.015408557798470847,0.012223818720737991,True
L,192,0.01,0.06,3.0,24h,L|192-0.01-0.06-3.0|24h,1124,28.83811850946854,1124,0.010239843503035296,0.003449871939113103,True
L,192,0.01,0.06,3.0,48h,L|192-0.01-0.06-3.0|48h,1016,26.067196090409286,1016,0.01674169504553942,0.008134861005263831,True
L,192,0.01,0.06,3.0,96h,L|192-0.01-0.06-3.0|96h,895,22.962736713500306,892,0.017652516330581892,0.012638067346313689,True
L,192,0.02,0.03,1.5,24h,L|192-0.02-0.03-1.5|24h,344,8.825901038485034,344,0.01054639801389347,0.005911703334043632,True
L,192,0.02,0.03,1.5,48h,L|192-0.02-0.03-1.5|48h,326,8.364080635308492,326,0.018725942043506635,0.01217382785037041,True
L,192,0.02,0.03,1.5,96h,L|192-0.02-0.03-1.5|96h,312,8.004886988393404,312,0.016015223943120892,0.01577688147236221,True
L,192,0.02,0.03,2.0,24h,L|192-0.02-0.03-2.0|24h,334,8.5693341478314,334,0.007959556554663502,0.00570429803516489,True
L,192,0.02,0.03,2.0,48h,L|192-0.02-0.03-2.0|48h,316,8.107513744654856,316,0.01590020825418247,0.012219394425329376,True
L,192,0.02,0.03,2.0,96h,L|192-0.02-0.03-2.0|96h,302,7.748320097739768,302,0.012977512504499251,0.015425506265804046,True
L,192,0.02,0.03,3.0,24h,L|192-0.02-0.03-3.0|24h,290,7.440439828955406,290,0.006383539656221314,0.006051386893143695,True
L,192,0.02,0.03,3.0,48h,L|192-0.02-0.03-3.0|48h,277,7.106902871105682,277,0.015457584359237223,0.012278233296045814,True
L,192,0.02,0.03,3.0,96h,L|192-0.02-0.03-3.0|96h,267,6.850335980452047,267,0.007582977440994565,0.014594587780485587,True
L,192,0.02,0.04,1.5,24h,L|192-0.02-0.04-1.5|24h,432,11.08368967623702,432,0.013783628475805,0.005473478092115067,True
L,192,0.02,0.04,1.5,48h,L|192-0.02-0.04-1.5|48h,401,10.288332315210752,401,0.01930919842920719,0.010627997481531693,True
L,192,0.02,0.04,1.5,96h,L|192-0.02-0.04-1.5|96h,378,9.698228466707391,378,0.019798317134203755,0.014408053974607447,True
L,192,0.02,0.04,2.0,24h,L|192-0.02-0.04-2.0|24h,421,10.801466096518022,421,0.012415678255860445,0.005342829217101065,True
L,192,0.02,0.04,2.0,48h,L|192-0.02-0.04-2.0|48h,392,10.057422113622481,392,0.01699539916597326,0.010692906160112195,True
L,192,0.02,0.04,2.0,96h,L|192-0.02-0.04-2.0|96h,370,9.492974954184485,370,0.0172976954355147,0.014129327103121718,True
L,192,0.02,0.04,3.0,24h,L|192-0.02-0.04-3.0|24h,373,9.569945021380574,373,0.012238883355169173,0.005555367088866935,True
L,192,0.02,0.04,3.0,48h,L|192-0.02-0.04-3.0|48h,351,9.005497861942578,351,0.018413335480941817,0.01087194377964355,True
L,192,0.02,0.04,3.0,96h,L|192-0.02-0.04-3.0|96h,334,8.5693341478314,334,0.016202055311084755,0.014155209188543122,True
L,192,0.02,0.06,1.5,24h,L|192-0.02-0.06-1.5|24h,486,12.469150885766647,486,0.01145950303826239,0.00566337855806097,True
L,192,0.02,0.06,1.5,48h,L|192-0.02-0.06-1.5|48h,451,11.571166768478925,451,0.012778950847432299,0.012513528722590506,True
L,192,0.02,0.06,1.5,96h,L|192-0.02-0.06-1.5|96h,421,10.801466096518022,420,0.01761998489161047,0.014751329737211258,True
L,192,0.02,0.06,2.0,24h,L|192-0.02-0.06-2.0|24h,477,12.238240684178376,477,0.009881580599988862,0.005528884540325563,True
L,192,0.02,0.06,2.0,48h,L|192-0.02-0.06-2.0|48h,445,11.417226634086745,445,0.011912429916238053,0.012696602902933294,True
L,192,0.02,0.06,2.0,96h,L|192-0.02-0.06-2.0|96h,415,10.64752596212584,414,0.016318665342828886,0.014649196539592511,True
L,192,0.02,0.06,3.0,24h,L|192-0.02-0.06-3.0|24h,429,11.006719609040928,429,0.01023031866517859,0.005749564186571229,True
L,192,0.02,0.06,3.0,48h,L|192-0.02-0.06-3.0|48h,406,10.416615760537569,406,0.01257693562012883,0.012894299801702187,True
L,192,0.02,0.06,3.0,96h,L|192-0.02-0.06-3.0|96h,383,9.82651191203421,382,0.014736273406283697,0.01439684267198194,True
D,48,0.005,0.03,1.5,24h,D|48-0.005-0.03-1.5|24h,6525,167.40989615149664,6525,0.0026986189353554032,0.0026293871117260372,True
D,48,0.005,0.03,1.5,48h,D|48-0.005-0.03-1.5|48h,5300,135.9804520464264,5300,0.0027563856175114457,0.006296868262527791,True
D,48,0.005,0.03,1.5,96h,D|48-0.005-0.03-1.5|96h,4086,104.83323152107515,4068,4.865607897849366e-05,0.01262653770881309,True
D,48,0.005,0.03,2.0,24h,D|48-0.005-0.03-2.0|24h,5908,151.57971899816738,5908,0.002320437739716679,0.002577074003663121,True
D,48,0.005,0.03,2.0,48h,D|48-0.005-0.03-2.0|48h,4899,125.69211973121564,4899,0.002772508479009972,0.006234780436016595,True
D,48,0.005,0.03,2.0,96h,D|48-0.005-0.03-2.0|96h,3810,97.75198533903482,3794,0.0006288391634280197,0.012828691939242697,True
D,48,0.005,0.03,3.0,24h,D|48-0.005-0.03-3.0|24h,4847,124.35797189981675,4847,0.002350326255574484,0.0026235250264244076,True
D,48,0.005,0.03,3.0,48h,D|48-0.005-0.03-3.0|48h,4144,106.32131948686623,4144,0.003687410492277592,0.006313103495948207,True
D,48,0.005,0.03,3.0,96h,D|48-0.005-0.03-3.0|96h,3337,85.6163714111179,3324,0.0017673393547512582,0.013549701119883083,True
D,48,0.005,0.04,1.5,24h,D|48-0.005-0.04-1.5|24h,6639,170.3347587049481,6639,0.0021974713159721073,0.0025598073198290147,True
D,48,0.005,0.04,1.5,48h,D|48-0.005-0.04-1.5|48h,5369,137.75076359193648,5369,0.0024498493036339136,0.00617246755367266,True
D,48,0.005,0.04,1.5,96h,D|48-0.005-0.04-1.5|96h,4124,105.80818570555896,4106,0.0004034328383977819,0.012550703271121018,True
D,48,0.005,0.04,2.0,24h,D|48-0.005-0.04-2.0|24h,6036,154.86377519853392,6036,0.001986650699684108,0.002531403261102642,True
D,48,0.005,0.04,2.0,48h,D|48-0.005-0.04-2.0|48h,4990,128.0268784361637,4990,0.002431620302049314,0.006156117775776994,True
D,48,0.005,0.04,2.0,96h,D|48-0.005-0.04-2.0|96h,3860,99.034819792303,3844,0.0010295254947875426,0.012763509587427226,True
D,48,0.005,0.04,3.0,24h,D|48-0.005-0.04-3.0|24h,4994,128.12950519242517,4994,0.0016363192773825386,0.0025706195942913146,True
D,48,0.005,0.04,3.0,48h,D|48-0.005-0.04-3.0|48h,4251,109.06658521686012,4251,0.0028944564646163928,0.006216744520377004,True
D,48,0.005,0.04,3.0,96h,D|48-0.005-0.04-3.0|96h,3402,87.28405620036652,3389,0.0017063196604625412,0.013292520170145336,True
D,48,0.005,0.06,1.5,24h,D|48-0.005-0.06-1.5|24h,6739,172.90042761148442,6739,0.002246308543573167,0.0024431657352667157,True
D,48,0.005,0.06,1.5,48h,D|48-0.005-0.06-1.5|48h,5437,139.4954184483812,5437,0.00195428653766658,0.0060688438812081455,True
D,48,0.005,0.06,1.5,96h,D|48-0.005-0.06-1.5|96h,4167,106.91142333536958,4149,-8.824723377370886e-05,0.012377185841711531,True
D,48,0.005,0.06,2.0,24h,D|48-0.005-0.06-2.0|24h,6139,157.50641417226635,6139,0.0021269213395837703,0.0024511258460309174,True
D,48,0.005,0.06,2.0,48h,D|48-0.005-0.06-2.0|48h,5064,129.9254734270006,5064,0.0019984780809171316,0.006083931414303343,True
D,48,0.005,0.06,2.0,96h,D|48-0.005-0.06-2.0|96h,3914,100.42028100183262,3898,0.0005169721568342748,0.01257505170810695,True
D,48,0.005,0.06,3.0,24h,D|48-0.005-0.06-3.0|24h,5109,131.08002443494198,5109,0.0015077479503088583,0.0024534497380583947,True
D,48,0.005,0.06,3.0,48h,D|48-0.005-0.06-3.0|48h,4342,111.40134392180819,4342,0.0018858653087108377,0.0060473522471450524,True
D,48,0.005,0.06,3.0,96h,D|48-0.005-0.06-3.0|96h,3467,88.95174098961516,3454,0.0010807746751736107,0.01310096646697348,True
D,48,0.01,0.03,1.5,24h,D|48-0.01-0.03-1.5|24h,3775,96.8540012217471,3775,0.0029673929977769653,0.0029493764506714672,True
D,48,0.01,0.03,1.5,48h,D|48-0.01-0.03-1.5|48h,3294,84.51313378130727,3294,0.003290191736672757,0.0069454295949716895,True
D,48,0.01,0.03,1.5,96h,D|48-0.01-0.03-1.5|96h,2715,69.65791081246182,2708,0.002680692331580596,0.013989147628388375,True
D,48,0.01,0.03,2.0,24h,D|48-0.01-0.03-2.0|24h,3397,87.1557727550397,3397,0.0023404755175724444,0.003150556350339196,True
D,48,0.01,0.03,2.0,48h,D|48-0.01-0.03-2.0|48h,3006,77.1240073304826,3006,0.0024132557396476704,0.006791284091025294,True
D,48,0.01,0.03,2.0,96h,D|48-0.01-0.03-2.0|96h,2510,64.39828955406232,2503,0.003016818327293146,0.014379036009064598,True
D,48,0.01,0.03,3.0,24h,D|48-0.01-0.03-3.0|24h,2776,71.22296884544899,2776,0.002647180348148691,0.0035146322623342543,True
D,48,0.01,0.03,3.0,48h,D|48-0.01-0.03-3.0|48h,2496,64.03909590714723,2496,0.003682507137411958,0.007322343691723818,True
D,48,0.01,0.03,3.0,96h,D|48-0.01-0.03-3.0|96h,2133,54.72571777642028,2127,0.003523934710311771,0.014593695418955712,True
D,48,0.01,0.04,1.5,24h,D|48-0.01-0.04-1.5|24h,3955,101.47220525351253,3955,0.001974135483398956,0.0028033955249639826,True
D,48,0.01,0.04,1.5,48h,D|48-0.01-0.04-1.5|48h,3429,87.97678680513134,3429,0.001990825930634188,0.006748964936784429,True
D,48,0.01,0.04,1.5,96h,D|48-0.01-0.04-1.5|96h,2797,71.76175931582164,2790,0.0025487379594389607,0.013679307980778918,True
D,48,0.01,0.04,2.0,24h,D|48-0.01-0.04-2.0|24h,3582,91.90226023213195,3582,0.001900266644651128,0.0029885365806669338,True
D,48,0.01,0.04,2.0,48h,D|48-0.01-0.04-2.0|48h,3153,80.89554062309102,3153,0.00124183687280941,0.0065973376643336246,True
D,48,0.01,0.04,2.0,96h,D|48-0.01-0.04-2.0|96h,2599,66.68173488087966,2592,0.003432495147035313,0.014090841137519107,True
D,48,0.01,0.04,3.0,24h,D|48-0.01-0.04-3.0|24h,2975,76.32864996945632,2975,0.0013864150695009274,0.0033903201020870854,True
D,48,0.01,0.04,3.0,48h,D|48-0.01-0.04-3.0|48h,2659,68.22113622480147,2659,0.0018360882198551272,0.007042552771308676,True
D,48,0.01,0.04,3.0,96h,D|48-0.01-0.04-3.0|96h,2245,57.599266951740994,2239,0.0031518526522459197,0.014059047751823088,True
D,48,0.01,0.06,1.5,24h,D|48-0.01-0.06-1.5|24h,4092,104.98717165546732,4092,0.001856251034026336,0.002616922739507845,True
D,48,0.01,0.06,1.5,48h,D|48-0.01-0.06-1.5|48h,3534,90.6707391569945,3534,0.000866651467593018,0.006657512760891193,True
D,48,0.01,0.06,1.5,96h,D|48-0.01-0.06-1.5|96h,2874,73.73732437385462,2867,0.0008079679914256601,0.013622136478337456,True
D,48,0.01,0.06,2.0,24h,D|48-0.01-0.06-2.0|24h,3726,95.59682345754429,3726,0.0015568766056780893,0.0028007308106215907,True
D,48,0.01,0.06,2.0,48h,D|48-0.01-0.06-2.0|48h,3263,83.71777642028101,3263,0.00010726404793850995,0.006592553880461137,True
D,48,0.01,0.06,2.0,96h,D|48-0.01-0.06-2.0|96h,2686,68.91386682956629,2679,0.0017081980227881322,0.013981914993921927,True
D,48,0.01,0.06,3.0,24h,D|48-0.01-0.06-3.0|24h,3123,80.12583995113012,3123,0.0007813757623990268,0.003115025578113771,True
D,48,0.01,0.06,3.0,48h,D|48-0.01-0.06-3.0|48h,2785,71.45387904703726,2785,0.00014803244190894117,0.007046658724881821,True
D,48,0.01,0.06,3.0,96h,D|48-0.01-0.06-3.0|96h,2346,60.1905925473427,2340,0.0008491025795723701,0.013791474762928985,True
D,48,0.02,0.03,1.5,24h,D|48-0.02-0.03-1.5|24h,1032,26.477703115455103,1032,0.0016292893930137187,0.004506558490968464,True
D,48,0.02,0.03,1.5,48h,D|48-0.02-0.03-1.5|48h,975,25.015271838729383,975,-0.00015241301368464706,0.009746929968681447,True
D,48,0.02,0.03,1.5,96h,D|48-0.02-0.03-1.5|96h,889,22.808796579108126,887,-0.00040623045165971537,0.015819491464503076,True
D,48,0.02,0.03,2.0,24h,D|48-0.02-0.03-2.0|24h,947,24.296884544899207,947,0.0011747163252268718,0.0051069809485345214,True
D,48,0.02,0.03,2.0,48h,D|48-0.02-0.03-2.0|48h,908,23.296273671350033,908,-0.001576074755082955,0.010022552750428093,True
D,48,0.02,0.03,2.0,96h,D|48-0.02-0.03-2.0|96h,831,21.320708613317045,829,-0.004282809348336221,0.015979009007320705,True
D,48,0.02,0.03,3.0,24h,D|48-0.02-0.03-3.0|24h,787,20.191814294441052,787,0.0016562064143430869,0.005523646635188898,True
D,48,0.02,0.03,3.0,48h,D|48-0.02-0.03-3.0|48h,759,19.473427000610876,759,-0.0030592408390891575,0.010649902409301502,True
D,48,0.02,0.03,3.0,96h,D|48-0.02-0.03-3.0|96h,703,18.03665241295052,701,-0.008561716424328692,0.016805154969478642,True
D,48,0.02,0.04,1.5,24h,D|48-0.02-0.04-1.5|24h,1394,35.76542455711668,1394,-0.0013363608977878688,0.004449326965152207,True
D,48,0.02,0.04,1.5,48h,D|48-0.02-0.04-1.5|48h,1300,33.353695784972516,1300,-0.004542289031320317,0.008867782708240766,True
D,48,0.02,0.04,1.5,96h,D|48-0.02-0.04-1.5|96h,1151,29.530849114233355,1149,-0.00314106974353818,0.014261359123235548,True
D,48,0.02,0.04,2.0,24h,D|48-0.02-0.04-2.0|24h,1294,33.19975565058033,1294,-0.0014869497588559796,0.00473798709847272,True
D,48,0.02,0.04,2.0,48h,D|48-0.02-0.04-2.0|48h,1220,31.301160659743434,1220,-0.00544149723456568,0.008731888304353392,True
D,48,0.02,0.04,2.0,96h,D|48-0.02-0.04-2.0|96h,1087,27.888821014050095,1085,-0.004276795196703687,0.014895346523737274,True
D,48,0.02,0.04,3.0,24h,D|48-0.02-0.04-3.0|24h,1110,28.478924862553452,1110,-0.0012372896682974063,0.005286794085025542,True
D,48,0.02,0.04,3.0,48h,D|48-0.02-0.04-3.0|48h,1051,26.965180207697006,1051,-0.005207509480679555,0.009204642688947853,True
D,48,0.02,0.04,3.0,96h,D|48-0.02-0.04-3.0|96h,954,24.47648136835675,952,-0.007254298969234186,0.015329160120459942,True
D,48,0.02,0.06,1.5,24h,D|48-0.02-0.06-1.5|24h,1616,41.46120952962737,1616,-0.002671565560354429,0.003789323310884788,True
D,48,0.02,0.06,1.5,48h,D|48-0.02-0.06-1.5|48h,1490,38.22846670739157,1490,-0.007783113530089091,0.008423848465017224,True
D,48,0.02,0.06,1.5,96h,D|48-0.02-0.06-1.5|96h,1305,33.48197923029933,1303,-0.006103059329146902,0.01347004221223162,True
D,48,0.02,0.06,2.0,24h,D|48-0.02-0.06-2.0|24h,1516,38.89554062309102,1516,-0.003405560603991962,0.0038582565756917816,True
D,48,0.02,0.06,2.0,48h,D|48-0.02-0.06-2.0|48h,1410,36.17593158216249,1410,-0.009230144351090664,0.00825577337250771,True
D,48,0.02,0.06,2.0,96h,D|48-0.02-0.06-2.0|96h,1247,31.99389126450825,1245,-0.00898413071842983,0.013782440112571012,True
D,48,0.02,0.06,3.0,24h,D|48-0.02-0.06-3.0|24h,1325,33.9951130116066,1325,-0.004309238305485648,0.0040469460066836545,True
D,48,0.02,0.06,3.0,48h,D|48-0.02-0.06-3.0|48h,1239,31.78863775198534,1239,-0.009652129003797465,0.008623935837547106,True
D,48,0.02,0.06,3.0,96h,D|48-0.02-0.06-3.0|96h,1117,28.658521686010996,1115,-0.012775699323315251,0.013945222684065494,True
D,96,0.005,0.03,1.5,24h,D|96-0.005-0.03-1.5|24h,5396,138.4434941967013,5396,0.003655407265112604,0.003043435990799557,True
D,96,0.005,0.03,1.5,48h,D|96-0.005-0.03-1.5|48h,4560,116.99450213805743,4560,0.002105734491443392,0.006271427348062396,True
D,96,0.005,0.03,1.5,96h,D|96-0.005-0.03-1.5|96h,3600,92.3640806353085,3589,0.00284775002379465,0.013346785201883888,True
D,96,0.005,0.03,2.0,24h,D|96-0.005-0.03-2.0|24h,4943,126.82101405009163,4943,0.003134843115699856,0.0031052292597855634,True
D,96,0.005,0.03,2.0,48h,D|96-0.005-0.03-2.0|48h,4225,108.39951130116066,4225,0.002029951162791865,0.0064727542810486816,True
D,96,0.005,0.03,2.0,96h,D|96-0.005-0.03-2.0|96h,3371,86.48869883934026,3361,0.0030720133737067775,0.013565989021050122,True
D,96,0.005,0.03,3.0,24h,D|96-0.005-0.03-3.0|24h,4072,104.47403787416005,4072,0.003226320628418044,0.0032786363142581986,True
D,96,0.005,0.03,3.0,48h,D|96-0.005-0.03-3.0|48h,3566,91.49175320708613,3566,0.0037747302632122936,0.006691557550716455,True
D,96,0.005,0.03,3.0,96h,D|96-0.005-0.03-3.0|96h,2935,75.30238240684179,2927,0.004791067105934956,0.01434055072488722,True
D,96,0.005,0.04,1.5,24h,D|96-0.005-0.04-1.5|24h,5491,140.8808796579108,5491,0.0034617457563074195,0.0028765938105787064,True
D,96,0.005,0.04,1.5,48h,D|96-0.005-0.04-1.5|48h,4627,118.71350030543678,4627,0.0020654388253197537,0.006152486308882646,True
D,96,0.005,0.04,1.5,96h,D|96-0.005-0.04-1.5|96h,3645,93.51863164324985,3634,0.0027161930935313116,0.013138807675317688,True
D,96,0.005,0.04,2.0,24h,D|96-0.005-0.04-2.0|24h,5052,129.61759315821627,5052,0.002994574290438606,0.002934075568130635,True
D,96,0.005,0.04,2.0,48h,D|96-0.005-0.04-2.0|48h,4308,110.52901649358583,4308,0.0018667528891844136,0.0063588923131527525,True
D,96,0.005,0.04,2.0,96h,D|96-0.005-0.04-2.0|96h,3424,87.84850335980452,3414,0.0028117682034092093,0.013323143074074026,True
D,96,0.005,0.04,3.0,24h,D|96-0.005-0.04-3.0|24h,4199,107.73243738546121,4199,0.0027753687476187723,0.003072316949205906,True
D,96,0.005,0.04,3.0,48h,D|96-0.005-0.04-3.0|48h,3664,94.00610873549175,3664,0.0031891423492445446,0.0066256097349033476,True
D,96,0.005,0.04,3.0,96h,D|96-0.005-0.04-3.0|96h,3002,77.02138057422114,2994,0.00415456229341065,0.013871168673334724,True
D,96,0.005,0.06,1.5,24h,D|96-0.005-0.06-1.5|24h,5573,142.98472816127062,5573,0.00310520451055161,0.0028192901932757677,True
D,96,0.005,0.06,1.5,48h,D|96-0.005-0.06-1.5|48h,4688,120.27855833842395,4688,0.0015121208144128853,0.006172965810401396,True
D,96,0.005,0.06,1.5,96h,D|96-0.005-0.06-1.5|96h,3691,94.69883934025657,3680,0.00188157602892558,0.01294505033842838,True
D,96,0.005,0.06,2.0,24h,D|96-0.005-0.06-2.0|24h,5139,131.84972510690287,5139,0.002698208359308764,0.002898959003214665,True
D,96,0.005,0.06,2.0,48h,D|96-0.005-0.06-2.0|48h,4376,112.27367135003055,4376,0.0012476171697058582,0.0063834061891464644,True
D,96,0.005,0.06,2.0,96h,D|96-0.005-0.06-2.0|96h,3478,89.23396456933415,3468,0.0018930272552672384,0.013113105303093673,True
D,96,0.005,0.06,3.0,24h,D|96-0.005-0.06-3.0|24h,4298,110.2724496029322,4298,0.002275380575823554,0.002959584637019441,True
D,96,0.005,0.06,3.0,48h,D|96-0.005-0.06-3.0|48h,3748,96.16127061698229,3748,0.0019895132605650683,0.00651941672872006,True
D,96,0.005,0.06,3.0,96h,D|96-0.005-0.06-3.0|96h,3068,78.71472205253512,3060,0.002684897983947882,0.013589453456098318,True
D,96,0.01,0.03,1.5,24h,D|96-0.01-0.03-1.5|24h,3150,80.81857055589494,3150,0.0035450243711102293,0.0037415504806724703,True
D,96,0.01,0.03,1.5,48h,D|96-0.01-0.03-1.5|48h,2821,72.37751985339035,2821,0.00203290192239027,0.007711141077066524,True
D,96,0.01,0.03,1.5,96h,D|96-0.01-0.03-1.5|96h,2375,60.934636530238244,2371,0.004761900765199933,0.014824502387136682,True
D,96,0.01,0.03,2.0,24h,D|96-0.01-0.03-2.0|24h,2862,73.42944410507026,2862,0.0026309002496532046,0.003890052499187806,True
D,96,0.01,0.03,2.0,48h,D|96-0.01-0.03-2.0|48h,2587,66.3738546120953,2587,0.0018128349523110709,0.007655322236054843,True
D,96,0.01,0.03,2.0,96h,D|96-0.01-0.03-2.0|96h,2196,56.342089187538186,2192,0.006204191113526709,0.015123417074420161,True
D,96,0.01,0.03,3.0,24h,D|96-0.01-0.03-3.0|24h,2348,60.24190592547343,2348,0.0030606313377637057,0.004281600401048523,True
D,96,0.01,0.03,3.0,48h,D|96-0.01-0.03-3.0|48h,2149,55.1362248014661,2149,0.00302684279651651,0.0082366727108823,True
D,96,0.01,0.03,3.0,96h,D|96-0.01-0.03-3.0|96h,1865,47.84972510690287,1862,0.006606522624658894,0.015584378259588404,True
D,96,0.01,0.04,1.5,24h,D|96-0.01-0.04-1.5|24h,3299,84.64141722663409,3299,0.003082725019213142,0.0033986036555462046,True
D,96,0.01,0.04,1.5,48h,D|96-0.01-0.04-1.5|48h,2941,75.45632254123397,2941,0.0011855498715242596,0.007381545253149753,True
D,96,0.01,0.04,1.5,96h,D|96-0.01-0.04-1.5|96h,2464,63.218081857055594,2460,0.004273990198946953,0.014339162324579074,True
D,96,0.01,0.04,2.0,24h,D|96-0.01-0.04-2.0|24h,3019,77.45754428833231,3019,0.0023950348241197923,0.00356716342941313,True
D,96,0.01,0.04,2.0,48h,D|96-0.01-0.04-2.0|48h,2716,69.6835675015272,2716,0.0009517120709922712,0.007433369063454955,True
D,96,0.01,0.04,2.0,96h,D|96-0.01-0.04-2.0|96h,2285,58.62553451435553,2281,0.0056805397296551055,0.0146002648787161,True
D,96,0.01,0.04,3.0,24h,D|96-0.01-0.04-3.0|24h,2513,64.4752596212584,2513,0.002183370893584012,0.0040092000416175454,True
D,96,0.01,0.04,3.0,48h,D|96-0.01-0.04-3.0|48h,2289,58.72816127061699,2289,0.0011394118878410027,0.008025186845827606,True
D,96,0.01,0.04,3.0,96h,D|96-0.01-0.04-3.0|96h,1966,50.44105070250458,1963,0.004824661509912328,0.014923964470897107,True
D,96,0.01,0.06,1.5,24h,D|96-0.01-0.06-1.5|24h,3412,87.54062309102017,3412,0.0022235972477082427,0.003325990026906865,True
D,96,0.01,0.06,1.5,48h,D|96-0.01-0.06-1.5|48h,3036,77.8937080024435,3036,-0.00026445789959182275,0.0074183064425317425,True
D,96,0.01,0.06,1.5,96h,D|96-0.01-0.06-1.5|96h,2537,65.09102015882712,2533,0.001940273388522995,0.01420745586636187,True
D,96,0.01,0.06,2.0,24h,D|96-0.01-0.06-2.0|24h,3137,80.4850335980452,3137,0.0012917668106050611,0.003482957235808151,True
D,96,0.01,0.06,2.0,48h,D|96-0.01-0.06-2.0|48h,2817,72.2748930971289,2817,-0.0006881146941493855,0.007469310684790275,True
D,96,0.01,0.06,2.0,96h,D|96-0.01-0.06-2.0|96h,2362,60.60109957238852,2358,0.0033271783021785483,0.014429123563615883,True
D,96,0.01,0.06,3.0,24h,D|96-0.01-0.06-3.0|24h,2639,67.7080024434942,2639,0.000880238585838883,0.003698520245465898,True
D,96,0.01,0.06,3.0,48h,D|96-0.01-0.06-3.0|48h,2401,61.60171044593769,2401,-0.0010103132266677025,0.007955785655379062,True
D,96,0.01,0.06,3.0,96h,D|96-0.01-0.06-3.0|96h,2055,52.724496029321934,2052,0.0018378845886549058,0.014500248703029829,True
D,96,0.02,0.03,1.5,24h,D|96-0.02-0.03-1.5|24h,847,21.73121563836286,847,0.003095260555056543,0.005707378987281536,True
D,96,0.02,0.03,1.5,48h,D|96-0.02-0.03-1.5|48h,808,20.730604764813684,808,-0.00018275397935043494,0.011129989470896164,True
D,96,0.02,0.03,1.5,96h,D|96-0.02-0.03-1.5|96h,747,19.165546731826513,745,0.0035755931634186304,0.01840474341545341,True
D,96,0.02,0.03,2.0,24h,D|96-0.02-0.03-2.0|24h,785,20.140500916310323,785,0.0028096333014124516,0.006207414887919924,True
D,96,0.02,0.03,2.0,48h,D|96-0.02-0.03-2.0|48h,758,19.44777031154551,758,-0.0007871914782936095,0.010899570724481292,True
D,96,0.02,0.03,2.0,96h,D|96-0.02-0.03-2.0|96h,705,18.087965791081245,703,0.0010326952422041848,0.017606109786672035,True
D,96,0.02,0.03,3.0,24h,D|96-0.02-0.03-3.0|24h,661,16.959071472205256,661,0.0018335323585068938,0.006824849187215796,True
D,96,0.02,0.03,3.0,48h,D|96-0.02-0.03-3.0|48h,644,16.522907758094075,644,-0.0053679013038776275,0.011419245448360862,True
D,96,0.02,0.03,3.0,96h,D|96-0.02-0.03-3.0|96h,608,15.59926695174099,606,-0.007606189393045089,0.01839068328702148,True
D,96,0.02,0.04,1.5,24h,D|96-0.02-0.04-1.5|24h,1148,29.453879047037265,1148,9.94603893739958e-05,0.005357813007847145,True
D,96,0.02,0.04,1.5,48h,D|96-0.02-0.04-1.5|48h,1085,27.837507635919366,1085,-0.004162471792330495,0.01027774966430966,True
D,96,0.02,0.04,1.5,96h,D|96-0.02-0.04-1.5|96h,990,25.400122174709836,988,-0.0031171884428646004,0.01632822166043648,True
D,96,0.02,0.04,2.0,24h,D|96-0.02-0.04-2.0|24h,1071,27.478313989004278,1071,-0.00028808936859399224,0.005532462731155304,True
D,96,0.02,0.04,2.0,48h,D|96-0.02-0.04-2.0|48h,1018,26.11850946854001,1018,-0.004668715761428647,0.010006473981771919,True
D,96,0.02,0.04,2.0,96h,D|96-0.02-0.04-2.0|96h,934,23.963347587049483,932,-0.0033351557242543967,0.016206601207018664,True
D,96,0.02,0.04,3.0,24h,D|96-0.02-0.04-3.0|24h,925,23.73243738546121,925,-0.0007952070662135791,0.00633402082490511,True
D,96,0.02,0.04,3.0,48h,D|96-0.02-0.04-3.0|48h,886,22.731826511912036,886,-0.006747543740290286,0.010656333430057847,True
D,96,0.02,0.04,3.0,96h,D|96-0.02-0.04-3.0|96h,828,21.243738546120955,826,-0.008348577595178961,0.017135210262875376,True
D,96,0.02,0.06,1.5,24h,D|96-0.02-0.06-1.5|24h,1344,34.4825901038485,1344,-0.004332257864640789,0.004622274365722805,True
D,96,0.02,0.06,1.5,48h,D|96-0.02-0.06-1.5|48h,1263,32.40439828955407,1263,-0.009862933846185404,0.009848577408343292,True
D,96,0.02,0.06,1.5,96h,D|96-0.02-0.06-1.5|96h,1133,29.069028711056813,1131,-0.008151158853226412,0.0151670247644557,True
D,96,0.02,0.06,2.0,24h,D|96-0.02-0.06-2.0|24h,1265,32.45571166768479,1265,-0.005351989685956786,0.004695852833172514,True
D,96,0.02,0.06,2.0,48h,D|96-0.02-0.06-2.0|48h,1196,30.685400122174713,1196,-0.011062117511400545,0.0096160557340295,True
D,96,0.02,0.06,2.0,96h,D|96-0.02-0.06-2.0|96h,1083,27.78619425778864,1081,-0.010542295455048211,0.014933944503486975,True
D,96,0.02,0.06,3.0,24h,D|96-0.02-0.06-3.0|24h,1117,28.658521686010996,1117,-0.006805131956005483,0.004760746339582843,True
D,96,0.02,0.06,3.0,48h,D|96-0.02-0.06-3.0|48h,1062,27.247403787416005,1062,-0.012979077893834871,0.009709573339318819,True
D,96,0.02,0.06,3.0,96h,D|96-0.02-0.06-3.0|96h,978,25.092241905925473,976,-0.015288937655332473,0.014943014353121854,True
D,192,0.005,0.03,1.5,24h,D|192-0.005-0.03-1.5|24h,4114,105.55161881490532,4114,0.0027064507013298527,0.0035873146869652164,True
D,192,0.005,0.03,1.5,48h,D|192-0.005-0.03-1.5|48h,3576,91.74832009773978,3576,0.0008609629121723902,0.0071439993785968525,True
D,192,0.005,0.03,1.5,96h,D|192-0.005-0.03-1.5|96h,2970,76.2003665241295,2963,-0.001545521581679858,0.014275660752160132,True
D,192,0.005,0.03,2.0,24h,D|192-0.005-0.03-2.0|24h,3752,96.26389737324374,3752,0.002413350118952351,0.0036141240193280156,True
D,192,0.005,0.03,2.0,48h,D|192-0.005-0.03-2.0|48h,3283,84.23091020158827,3283,0.001732912639558318,0.007206596674693915,True
D,192,0.005,0.03,2.0,96h,D|192-0.005-0.03-2.0|96h,2774,71.17165546731827,2768,-0.0005731556356081623,0.01426169913460281,True
D,192,0.005,0.03,3.0,24h,D|192-0.005-0.03-3.0|24h,3129,80.2797800855223,3129,0.0020859726438956245,0.0038905719021853848,True
D,192,0.005,0.03,3.0,48h,D|192-0.005-0.03-3.0|48h,2799,71.81307269395235,2799,0.003183459873313739,0.007706416458783611,True
D,192,0.005,0.03,3.0,96h,D|192-0.005-0.03-3.0|96h,2412,61.88393402565669,2406,0.0011350887629248418,0.014589773617981784,True
D,192,0.005,0.04,1.5,24h,D|192-0.005-0.04-1.5|24h,4205,107.8863775198534,4205,0.002297805512011678,0.003441187426550003,True
D,192,0.005,0.04,1.5,48h,D|192-0.005-0.04-1.5|48h,3642,93.44166157605376,3642,0.0006692035610587598,0.0071113599501845546,True
D,192,0.005,0.04,1.5,96h,D|192-0.005-0.04-1.5|96h,3019,77.45754428833231,3012,-0.0019923766093509687,0.014058678543533749,True
D,192,0.005,0.04,2.0,24h,D|192-0.005-0.04-2.0|24h,3858,98.98350641417227,3858,0.0020157847320708766,0.0035339522786175747,True
D,192,0.005,0.04,2.0,48h,D|192-0.005-0.04-2.0|48h,3365,86.33475870494809,3365,0.0013846536522199042,0.007230996386426231,True
D,192,0.005,0.04,2.0,96h,D|192-0.005-0.04-2.0|96h,2831,72.63408674404398,2825,-0.0011534614604054288,0.01404201713181297,True
D,192,0.005,0.04,3.0,24h,D|192-0.005-0.04-3.0|24h,3246,83.28161270616982,3246,0.001118660194308417,0.0038109297806229784,True
D,192,0.005,0.04,3.0,48h,D|192-0.005-0.04-3.0|48h,2894,74.25045815516188,2894,0.0021800666296907826,0.007712552348671362,True
D,192,0.005,0.04,3.0,96h,D|192-0.005-0.04-3.0|96h,2482,63.67990226023213,2476,0.0002178554258061809,0.014375157068526715,True
D,192,0.005,0.06,1.5,24h,D|192-0.005-0.06-1.5|24h,4280,109.81062919975565,4280,0.0014397434049765558,0.0032962891906882386,True
D,192,0.005,0.06,1.5,48h,D|192-0.005-0.06-1.5|48h,3702,94.98106291997557,3702,-0.0005142030114446285,0.007068498632788532,True
D,192,0.005,0.06,1.5,96h,D|192-0.005-0.06-1.5|96h,3066,78.66340867440441,3059,-0.0033508366992108245,0.013670388217424547,True
D,192,0.005,0.06,2.0,24h,D|192-0.005-0.06-2.0|24h,3935,100.95907147220525,3935,0.0011813293680659348,0.003409914954820728,True
D,192,0.005,0.06,2.0,48h,D|192-0.005-0.06-2.0|48h,3429,87.97678680513134,3429,-5.798137071371706e-05,0.007145098571165726,True
D,192,0.005,0.06,2.0,96h,D|192-0.005-0.06-2.0|96h,2886,74.04520464263898,2880,-0.0030277975690256574,0.013660795038862188,True
D,192,0.005,0.06,3.0,24h,D|192-0.005-0.06-3.0|24h,3332,85.48808796579108,3332,4.266465789243992e-05,0.003594295100075341,True
D,192,0.005,0.06,3.0,48h,D|192-0.005-0.06-3.0|48h,2968,76.14905314599878,2968,0.0001336955420517753,0.007462400560464551,True
D,192,0.005,0.06,3.0,96h,D|192-0.005-0.06-3.0|96h,2547,65.34758704948077,2541,-0.002531026556076921,0.01384496016355155,True
D,192,0.01,0.03,1.5,24h,D|192-0.01-0.03-1.5|24h,2425,62.217470983506416,2425,0.002593090438284313,0.004499417653846256,True
D,192,0.01,0.03,1.5,48h,D|192-0.01-0.03-1.5|48h,2214,56.803909590714724,2214,0.0011258726929718348,0.00883909215920859,True
D,192,0.01,0.03,1.5,96h,D|192-0.01-0.03-1.5|96h,1941,49.7996334758705,1937,0.0002533993399022912,0.016114297171241684,True
D,192,0.01,0.03,2.0,24h,D|192-0.01-0.03-2.0|24h,2207,56.62431276725718,2207,0.0016765789690840651,0.004539321684836954,True
D,192,0.01,0.03,2.0,48h,D|192-0.01-0.03-2.0|48h,2024,51.929138668295664,2024,0.0010162819557003894,0.008679523788234448,True
D,192,0.01,0.03,2.0,96h,D|192-0.01-0.03-2.0|96h,1792,45.97678680513134,1788,0.001836189112024864,0.01609398545930836,True
D,192,0.01,0.03,3.0,24h,D|192-0.01-0.03-3.0|24h,1826,46.849114233353696,1826,0.0014639200410074959,0.005111791059111508,True
D,192,0.01,0.03,3.0,48h,D|192-0.01-0.03-3.0|48h,1701,43.64202810018326,1701,0.001120778349410413,0.009311923804812463,True
D,192,0.01,0.03,3.0,96h,D|192-0.01-0.03-3.0|96h,1529,39.229077580940746,1526,0.000716544222665126,0.01647803050652547,True
D,192,0.01,0.04,1.5,24h,D|192-0.01-0.04-1.5|24h,2552,65.47587049480758,2552,0.0022171858387406316,0.0042388208412892925,True
D,192,0.01,0.04,1.5,48h,D|192-0.01-0.04-1.5|48h,2324,59.62614538790471,2324,6.802995988298926e-05,0.008645997292934979,True
D,192,0.01,0.04,1.5,96h,D|192-0.01-0.04-1.5|96h,2027,52.00610873549176,2023,-0.0004785026547782413,0.01571154956861924,True
D,192,0.01,0.04,2.0,24h,D|192-0.01-0.04-2.0|24h,2345,60.16493585827734,2345,0.0009804144827745957,0.004281712316423099,True
D,192,0.01,0.04,2.0,48h,D|192-0.01-0.04-2.0|48h,2147,55.08491142333537,2147,-0.0004397529348550392,0.008614628692358914,True
D,192,0.01,0.04,2.0,96h,D|192-0.01-0.04-2.0|96h,1883,48.31154551007941,1879,0.0006646093426647922,0.015708420808050544,True
D,192,0.01,0.04,3.0,24h,D|192-0.01-0.04-3.0|24h,1967,50.46670739156995,1967,-4.558303441672384e-05,0.004850990654288512,True
D,192,0.01,0.04,3.0,48h,D|192-0.01-0.04-3.0|48h,1827,46.87477092241906,1827,-0.0011785810381441852,0.009184576450791678,True
D,192,0.01,0.04,3.0,96h,D|192-0.01-0.04-3.0|96h,1630,41.820403176542456,1627,-0.0017711877509839907,0.0158651146277234,True
D,192,0.01,0.06,1.5,24h,D|192-0.01-0.06-1.5|24h,2651,68.01588271227857,2651,0.0005868645391247098,0.0040301317124006855,True
D,192,0.01,0.06,1.5,48h,D|192-0.01-0.06-1.5|48h,2411,61.85827733659133,2411,-0.002534579200952229,0.008583527856268537,True
D,192,0.01,0.06,1.5,96h,D|192-0.01-0.06-1.5|96h,2102,53.93036041539401,2098,-0.004006417560421507,0.015154949981685218,True
D,192,0.01,0.06,2.0,24h,D|192-0.01-0.06-2.0|24h,2449,62.83323152107514,2449,-0.0010524854549393565,0.004051846180037588,True
D,192,0.01,0.06,2.0,48h,D|192-0.01-0.06-2.0|48h,2239,57.445326817348814,2239,-0.0034799365071217863,0.008538517479626076,True
D,192,0.01,0.06,2.0,96h,D|192-0.01-0.06-2.0|96h,1962,50.33842394624313,1958,-0.0032568737064043052,0.01517580593404983,True
D,192,0.01,0.06,3.0,24h,D|192-0.01-0.06-3.0|24h,2076,53.263286499694566,2076,-0.0022185601090093034,0.004369596061475409,True
D,192,0.01,0.06,3.0,48h,D|192-0.01-0.06-3.0|48h,1924,49.36346976175932,1924,-0.004732940521638304,0.008877345502248403,True
D,192,0.01,0.06,3.0,96h,D|192-0.01-0.06-3.0|96h,1717,44.05253512522908,1714,-0.006292135934763178,0.015108166604146498,True
D,192,0.02,0.03,1.5,24h,D|192-0.02-0.03-1.5|24h,663,17.01038485033598,663,0.0059370264619251776,0.006635804105568589,True
D,192,0.02,0.03,1.5,48h,D|192-0.02-0.03-1.5|48h,637,16.34331093463653,637,0.0061939967987142,0.011603904478689163,True
D,192,0.02,0.03,1.5,96h,D|192-0.02-0.03-1.5|96h,605,15.5222968845449,603,0.004625443444964719,0.018301173632607387,True
D,192,0.02,0.03,2.0,24h,D|192-0.02-0.03-2.0|24h,616,15.804520464263899,616,0.006356891706413431,0.0075154575344304544,True
D,192,0.02,0.03,2.0,48h,D|192-0.02-0.03-2.0|48h,597,15.317043372021992,597,0.006635293480313159,0.012081974302256394,True
D,192,0.02,0.03,2.0,96h,D|192-0.02-0.03-2.0|96h,568,14.572999389126451,566,0.002808002313427008,0.018509976784161757,True
D,192,0.02,0.03,3.0,24h,D|192-0.02-0.03-3.0|24h,525,13.469761759315823,525,0.005243295082557876,0.008077372780755822,True
D,192,0.02,0.03,3.0,48h,D|192-0.02-0.03-3.0|48h,513,13.16188149053146,513,0.0019425039003183643,0.012550366133966004,True
D,192,0.02,0.03,3.0,96h,D|192-0.02-0.03-3.0|96h,491,12.597434331093464,489,-0.00613892456950335,0.018897354252579386,True
D,192,0.02,0.04,1.5,24h,D|192-0.02-0.04-1.5|24h,909,23.321930360415394,909,-0.00039121413292576054,0.006598632747565802,True
D,192,0.02,0.04,1.5,48h,D|192-0.02-0.04-1.5|48h,870,22.32131948686622,870,-0.003455920046434148,0.011324519633356607,True
D,192,0.02,0.04,1.5,96h,D|192-0.02-0.04-1.5|96h,814,20.884544899205864,812,-0.0016671689056681092,0.016777898635870103,True
D,192,0.02,0.04,2.0,24h,D|192-0.02-0.04-2.0|24h,854,21.910812461820406,854,1.5668132401859875e-05,0.006711666965231157,True
D,192,0.02,0.04,2.0,48h,D|192-0.02-0.04-2.0|48h,822,21.089798411728772,822,-0.0028695610131429924,0.011531372905998233,True
D,192,0.02,0.04,2.0,96h,D|192-0.02-0.04-2.0|96h,771,19.781307269395235,769,-0.0009368869003098749,0.017241811992284983,True
D,192,0.02,0.04,3.0,24h,D|192-0.02-0.04-3.0|24h,740,18.98594990836897,740,-0.0005520283471913435,0.007349238106679302,True
D,192,0.02,0.04,3.0,48h,D|192-0.02-0.04-3.0|48h,717,18.395846059865608,717,-0.004358293204653588,0.011961317035244876,True
D,192,0.02,0.04,3.0,96h,D|192-0.02-0.04-3.0|96h,681,17.472205253512524,679,-0.005640569576287275,0.01769937856905024,True
D,192,0.02,0.06,1.5,24h,D|192-0.02-0.06-1.5|24h,1065,27.324373854612098,1065,-0.005420938645105056,0.00532377376369059,True
D,192,0.02,0.06,1.5,48h,D|192-0.02-0.06-1.5|48h,1013,25.990226023213197,1013,-0.010921075032764953,0.011058963573360309,True
D,192,0.02,0.06,1.5,96h,D|192-0.02-0.06-1.5|96h,940,24.117287721441663,938,-0.0110565892632099,0.015360001085158047,True
D,192,0.02,0.06,2.0,24h,D|192-0.02-0.06-2.0|24h,1009,25.887599266951742,1009,-0.0059080469815054265,0.005445259290539823,True
D,192,0.02,0.06,2.0,48h,D|192-0.02-0.06-2.0|48h,965,24.75870494807575,965,-0.011393422958144205,0.011130166281601146,True
D,192,0.02,0.06,2.0,96h,D|192-0.02-0.06-2.0|96h,899,23.06536346976176,897,-0.011874140169679408,0.01550555753700902,True
D,192,0.02,0.06,3.0,24h,D|192-0.02-0.06-3.0|24h,893,22.91142333536958,893,-0.007493791010301231,0.005263149850060305,True
D,192,0.02,0.06,3.0,48h,D|192-0.02-0.06-3.0|48h,860,22.064752596212585,860,-0.013280097816508402,0.010903027668868696,True
D,192,0.02,0.06,3.0,96h,D|192-0.02-0.06-3.0|96h,809,20.75626145387905,807,-0.016039736733958178,0.015416630719593977,True
